{
    "accuracy": 0.6935975609756098,
    "precision": 0.6616541353383458,
    "recall": 0.36065573770491804,
    "f1_score": 0.46684350132625996
}